"parental","plant","genotype"
1,1,"h"
1,2,"h"
3,1,"h"
3,2,"e"
4,1,"a"
4,2,"a"
4,3,"a"
7,1,"e"
7,2,"e"
7,3,"e"
7,4,"e"
7,5,"e"
7,6,"e"
7,7,"e"
7,8,"e"
7,9,"e"
7,10,"e"
8,1,"h"
8,2,"h"
8,3,"a"
8,4,"h"
8,5,"a"
8,6,"h"
8,7,"h"
8,8,"a"
8,9,NA
8,10,"e"
8,11,NA
8,12,NA
8,13,"a"
8,14,NA
8,15,"a"
8,16,"h"
8,17,"a"
8,18,"h"
8,19,"h"
8,20,"a"
8,22,"e"
8,23,"h"
8,24,"e"
8,25,"a"
12,1,"e"
12,2,"e"
14,1,"e"
14,2,"e"
16,1,"h"
18,1,"e"
18,2,"e"
21,1,"e"
21,2,"e"
21,3,"e"
21,4,"e"
21,5,"e"
21,6,"e"
21,7,"e"
21,8,"h"
21,9,"e"
21,10,"h"
21,11,"e"
23,1,"e"
23,2,"e"
23,3,"e"
25,1,"e"
25,2,"e"
26,1,"a"
26,2,"h"
26,3,"h"
26,4,"a"
26,5,"h"
27,1,"h"
28,1,"e"
28,2,"e"
28,3,"e"
28,4,"e"
28,5,"e"
28,6,"e"
28,7,"e"
28,8,"h"
29,1,"h"
29,2,"h"
29,3,"e"
29,4,"a"
29,5,"e"
29,6,"e"
29,7,"e"
29,8,"h"
29,9,"e"
29,10,"h"
29,11,"e"
29,12,"a"
29,13,"h"
29,14,"a"
29,15,"a"
29,16,"h"
29,17,"e"
29,18,"a"
29,19,"h"
29,20,"a"
29,21,"a"
29,22,"h"
29,23,"a"
29,24,"h"
32,1,"a"
32,2,"a"
33,1,"a"
34,1,"e"
34,2,"e"
34,3,"h"
34,4,"h"
34,5,"e"
34,6,"e"
34,7,"h"
36,1,"a"
36,2,"h"
37,1,"a"
37,2,"a"
37,3,"a"
37,4,"a"
40,1,"a"
41,1,"a"
41,2,"a"
41,3,"a"
41,4,"a"
41,5,"h"
41,6,"a"
41,7,"a"
41,8,"a"
41,9,"a"
41,10,"a"
41,11,"a"
41,12,"a"
41,13,"a"
41,14,"a"
41,15,"a"
41,16,"a"
41,17,"a"
41,18,"a"
41,19,"a"
41,20,"a"
41,21,"a"
41,22,"a"
41,23,"a"
41,24,"a"
41,25,"a"
41,26,"a"
41,27,"a"
41,28,"a"
41,29,"a"
41,30,"a"
41,32,"a"
47,1,"a"
47,2,"a"
47,3,"a"
47,4,"a"
47,5,"a"
47,6,"a"
47,7,"a"
47,8,"a"
47,9,"a"
47,10,"a"
47,11,"a"
47,12,"a"
47,13,"a"
47,14,"a"
47,15,"a"
47,17,"a"
48,1,"h"
48,2,"h"
48,3,"e"
48,4,"a"
48,5,"e"
48,6,"h"
48,7,"a"
48,8,"h"
48,9,"a"
48,10,"h"
48,11,"a"
48,12,"a"
48,13,"e"
48,14,"a"
48,15,"h"
48,16,"h"
48,17,"a"
48,18,"a"
48,19,"h"
48,20,"h"
48,21,"a"
48,22,"h"
48,23,"h"
48,24,"a"
48,25,"h"
48,26,"h"
48,27,"h"
48,28,"h"
48,29,"h"
48,30,"a"
48,31,"h"
48,32,"h"
48,33,"a"
48,34,"a"
48,35,"e"
48,36,"h"
48,37,"h"
48,38,"h"
48,39,"a"
48,40,"h"
48,41,"h"
48,42,"a"
48,43,"a"
48,44,"h"
48,45,"e"
48,46,"e"
48,47,"e"
48,48,"e"
48,49,"e"
48,50,"e"
48,51,"h"
48,52,"a"
48,53,"a"
48,54,"a"
48,55,"h"
48,56,"h"
48,57,"h"
48,58,"h"
48,59,"e"
48,60,"a"
48,61,"h"
48,62,"e"
48,63,"h"
48,64,"a"
49,1,"a"
49,2,"a"
49,3,"a"
49,4,"a"
49,5,"a"
49,6,"a"
49,7,"a"
49,8,"a"
49,9,"a"
49,10,"a"
49,11,"a"
49,12,"a"
49,13,"a"
49,14,"a"
49,15,"a"
49,16,"a"
49,17,"a"
49,18,"a"
49,19,"a"
49,20,"a"
49,21,"a"
49,22,"a"
49,23,"a"
49,24,"a"
49,25,"a"
49,26,"a"
49,27,"h"
49,28,"a"
49,29,"a"
49,30,"a"
49,31,"a"
49,32,"a"
49,33,"a"
49,34,"a"
49,35,"a"
49,36,"a"
49,37,"a"
49,38,"a"
49,39,NA
49,40,NA
51,1,NA
51,2,"a"
51,3,"a"
51,4,"a"
51,5,"a"
51,6,"a"
51,7,"a"
51,8,"a"
51,9,"a"
51,10,"a"
51,11,"a"
51,12,"a"
51,13,"a"
51,14,"a"
52,1,"a"
52,2,"a"
52,3,"a"
52,4,"a"
52,5,"a"
52,6,"a"
52,7,"a"
52,8,"a"
52,9,"a"
52,10,"a"
52,11,"a"
52,12,"a"
52,13,NA
52,14,"a"
52,15,"a"
52,16,"a"
52,17,"a"
52,18,"a"
52,19,"a"
52,20,"a"
52,21,"a"
52,22,"a"
52,23,"a"
52,24,"a"
53,1,"a"
53,2,"a"
53,3,"a"
53,4,"a"
53,5,"a"
53,6,"a"
53,7,"a"
53,8,"a"
53,9,"a"
53,10,"a"
53,11,"a"
53,12,"a"
53,13,"a"
53,14,"a"
53,15,"a"
53,16,"a"
53,17,"a"
53,18,"a"
53,19,"a"
53,20,"a"
53,21,"a"
53,22,"a"
53,23,"a"
53,24,"a"
53,25,"a"
53,26,"a"
53,27,"a"
53,28,"a"
53,29,"a"
53,30,"a"
53,31,"a"
53,32,"a"
53,33,"h"
53,34,"a"
53,35,"a"
53,36,"a"
53,37,"a"
