filename,read_type,strand,lane,read_count
1_L1_SRR18328095.sra_1.fastq.gz,raw,forward,1,15049054
1_L1_SRR18328095.sra_1.fastq.gz.trimmed.fastp.fq.gz,trimmed,reverse,1,13642305
1_L1_SRR18328095.sra_2.fastq.gz,raw,forward,1,15049054
1_L1_SRR18328095.sra_2.fastq.gz.trimmed.fastp.fq.gz,trimmed,reverse,1,13642305
1_L2_SRR18328094.sra_1.fastq.gz,raw,forward,2,15393748
1_L2_SRR18328094.sra_1.fastq.gz.trimmed.fastp.fq.gz,trimmed,reverse,2,14547841
1_L2_SRR18328094.sra_2.fastq.gz,raw,forward,2,15393748
1_L2_SRR18328094.sra_2.fastq.gz.trimmed.fastp.fq.gz,trimmed,reverse,2,14547841
10_L1_SRR8581160.sra_1.fastq.gz,raw,forward,1,27326361
10_L1_SRR8581160.sra_1.fastq.gz.trimmed.fastp.fq.gz,trimmed,reverse,1,21024296
10_L1_SRR8581160.sra_2.fastq.gz,raw,forward,1,27326361
10_L1_SRR8581160.sra_2.fastq.gz.trimmed.fastp.fq.gz,trimmed,reverse,1,21024296
11_L1_SRR8581150.sra_1.fastq.gz,raw,forward,1,30891791
11_L1_SRR8581150.sra_1.fastq.gz.trimmed.fastp.fq.gz,trimmed,reverse,1,24263767
11_L1_SRR8581150.sra_2.fastq.gz,raw,forward,1,30891791
11_L1_SRR8581150.sra_2.fastq.gz.trimmed.fastp.fq.gz,trimmed,reverse,1,24263767
12_L1_SRR8581149.sra_1.fastq.gz,raw,forward,1,48928365
12_L1_SRR8581149.sra_1.fastq.gz.trimmed.fastp.fq.gz,trimmed,reverse,1,38784362
12_L1_SRR8581149.sra_2.fastq.gz,raw,forward,1,48928365
12_L1_SRR8581149.sra_2.fastq.gz.trimmed.fastp.fq.gz,trimmed,reverse,1,38784362
13_L1_SRR18328011.sra_1.fastq.gz,raw,forward,1,16580467
13_L1_SRR18328011.sra_1.fastq.gz.trimmed.fastp.fq.gz,trimmed,reverse,1,15164059
13_L1_SRR18328011.sra_2.fastq.gz,raw,forward,1,16580467
13_L1_SRR18328011.sra_2.fastq.gz.trimmed.fastp.fq.gz,trimmed,reverse,1,15164059
13_L2_SRR18328010.sra_1.fastq.gz,raw,forward,2,16935921
13_L2_SRR18328010.sra_1.fastq.gz.trimmed.fastp.fq.gz,trimmed,reverse,2,16152530
13_L2_SRR18328010.sra_2.fastq.gz,raw,forward,2,16935921
13_L2_SRR18328010.sra_2.fastq.gz.trimmed.fastp.fq.gz,trimmed,reverse,2,16152530
14_L1_SRR18328062.sra_1.fastq.gz,raw,forward,1,16345181
14_L1_SRR18328062.sra_1.fastq.gz.trimmed.fastp.fq.gz,trimmed,reverse,1,14756973
14_L1_SRR18328062.sra_2.fastq.gz,raw,forward,1,16345181
14_L1_SRR18328062.sra_2.fastq.gz.trimmed.fastp.fq.gz,trimmed,reverse,1,14756973
14_L2_SRR18328061.sra_1.fastq.gz,raw,forward,2,16698612
14_L2_SRR18328061.sra_1.fastq.gz.trimmed.fastp.fq.gz,trimmed,reverse,2,15723961
14_L2_SRR18328061.sra_2.fastq.gz,raw,forward,2,16698612
14_L2_SRR18328061.sra_2.fastq.gz.trimmed.fastp.fq.gz,trimmed,reverse,2,15723961
15_L1_SRR18328056.sra_1.fastq.gz,raw,forward,1,10146335
15_L1_SRR18328056.sra_1.fastq.gz.trimmed.fastp.fq.gz,trimmed,reverse,1,9130557
15_L1_SRR18328056.sra_2.fastq.gz,raw,forward,1,10146335
15_L1_SRR18328056.sra_2.fastq.gz.trimmed.fastp.fq.gz,trimmed,reverse,1,9130557
15_L2_SRR18328055.sra_1.fastq.gz,raw,forward,2,10367152
15_L2_SRR18328055.sra_1.fastq.gz.trimmed.fastp.fq.gz,trimmed,reverse,2,9723235
15_L2_SRR18328055.sra_2.fastq.gz,raw,forward,2,10367152
15_L2_SRR18328055.sra_2.fastq.gz.trimmed.fastp.fq.gz,trimmed,reverse,2,9723235
16_L1_SRR18328053.sra_1.fastq.gz,raw,forward,1,9938943
16_L1_SRR18328053.sra_1.fastq.gz.trimmed.fastp.fq.gz,trimmed,reverse,1,8699490
16_L1_SRR18328053.sra_2.fastq.gz,raw,forward,1,9938943
16_L1_SRR18328053.sra_2.fastq.gz.trimmed.fastp.fq.gz,trimmed,reverse,1,8699490
16_L2_SRR18328052.sra_1.fastq.gz,raw,forward,2,10138973
16_L2_SRR18328052.sra_1.fastq.gz.trimmed.fastp.fq.gz,trimmed,reverse,2,9248511
16_L2_SRR18328052.sra_2.fastq.gz,raw,forward,2,10138973
16_L2_SRR18328052.sra_2.fastq.gz.trimmed.fastp.fq.gz,trimmed,reverse,2,9248511
17_L1_SRR18328051.sra_1.fastq.gz,raw,forward,1,16729816
17_L1_SRR18328051.sra_1.fastq.gz.trimmed.fastp.fq.gz,trimmed,reverse,1,15321724
17_L1_SRR18328051.sra_2.fastq.gz,raw,forward,1,16729816
17_L1_SRR18328051.sra_2.fastq.gz.trimmed.fastp.fq.gz,trimmed,reverse,1,15321724
17_L2_SRR18328050.sra_1.fastq.gz,raw,forward,2,17115102
17_L2_SRR18328050.sra_1.fastq.gz.trimmed.fastp.fq.gz,trimmed,reverse,2,16349587
17_L2_SRR18328050.sra_2.fastq.gz,raw,forward,2,17115102
17_L2_SRR18328050.sra_2.fastq.gz.trimmed.fastp.fq.gz,trimmed,reverse,2,16349587
18_L1_SRR18328049.sra_1.fastq.gz,raw,forward,1,13918139
18_L1_SRR18328049.sra_1.fastq.gz.trimmed.fastp.fq.gz,trimmed,reverse,1,12732574
18_L1_SRR18328049.sra_2.fastq.gz,raw,forward,1,13918139
18_L1_SRR18328049.sra_2.fastq.gz.trimmed.fastp.fq.gz,trimmed,reverse,1,12732574
18_L2_SRR18328048.sra_1.fastq.gz,raw,forward,2,14253054
18_L2_SRR18328048.sra_1.fastq.gz.trimmed.fastp.fq.gz,trimmed,reverse,2,13599633
18_L2_SRR18328048.sra_2.fastq.gz,raw,forward,2,14253054
18_L2_SRR18328048.sra_2.fastq.gz.trimmed.fastp.fq.gz,trimmed,reverse,2,13599633
19_L1_SRR18328083.sra_1.fastq.gz,raw,forward,1,13147340
19_L1_SRR18328083.sra_1.fastq.gz.trimmed.fastp.fq.gz,trimmed,reverse,1,11967656
19_L1_SRR18328083.sra_2.fastq.gz,raw,forward,1,13147340
19_L1_SRR18328083.sra_2.fastq.gz.trimmed.fastp.fq.gz,trimmed,reverse,1,11967656
19_L2_SRR18328072.sra_1.fastq.gz,raw,forward,2,13425305
19_L2_SRR18328072.sra_1.fastq.gz.trimmed.fastp.fq.gz,trimmed,reverse,2,12744205
19_L2_SRR18328072.sra_2.fastq.gz,raw,forward,2,13425305
19_L2_SRR18328072.sra_2.fastq.gz.trimmed.fastp.fq.gz,trimmed,reverse,2,12744205
2_L1_SRR8581142.sra_1.fastq.gz,raw,forward,1,35723425
2_L1_SRR8581142.sra_1.fastq.gz.trimmed.fastp.fq.gz,trimmed,reverse,1,28269749
2_L1_SRR8581142.sra_2.fastq.gz,raw,forward,1,35723425
2_L1_SRR8581142.sra_2.fastq.gz.trimmed.fastp.fq.gz,trimmed,reverse,1,28269749
20_L1_SRR8581157.sra_1.fastq.gz,raw,forward,1,36775870
20_L1_SRR8581157.sra_1.fastq.gz.trimmed.fastp.fq.gz,trimmed,reverse,1,28792290
20_L1_SRR8581157.sra_2.fastq.gz,raw,forward,1,36775870
20_L1_SRR8581157.sra_2.fastq.gz.trimmed.fastp.fq.gz,trimmed,reverse,1,28792290
21_L1_SRR8581156.sra_1.fastq.gz,raw,forward,1,34731821
21_L1_SRR8581156.sra_1.fastq.gz.trimmed.fastp.fq.gz,trimmed,reverse,1,27238499
21_L1_SRR8581156.sra_2.fastq.gz,raw,forward,1,34731821
21_L1_SRR8581156.sra_2.fastq.gz.trimmed.fastp.fq.gz,trimmed,reverse,1,27238499
22_L1_SRR18328040.sra_1.fastq.gz,raw,forward,1,13534151
22_L1_SRR18328040.sra_1.fastq.gz.trimmed.fastp.fq.gz,trimmed,reverse,1,12127575
22_L1_SRR18328040.sra_2.fastq.gz,raw,forward,1,13534151
22_L1_SRR18328040.sra_2.fastq.gz.trimmed.fastp.fq.gz,trimmed,reverse,1,12127575
22_L2_SRR18328029.sra_1.fastq.gz,raw,forward,2,13814030
22_L2_SRR18328029.sra_1.fastq.gz.trimmed.fastp.fq.gz,trimmed,reverse,2,12910241
22_L2_SRR18328029.sra_2.fastq.gz,raw,forward,2,13814030
22_L2_SRR18328029.sra_2.fastq.gz.trimmed.fastp.fq.gz,trimmed,reverse,2,12910241
23_L1_SRR18328018.sra_1.fastq.gz,raw,forward,1,17633819
23_L1_SRR18328018.sra_1.fastq.gz.trimmed.fastp.fq.gz,trimmed,reverse,1,15969665
23_L1_SRR18328018.sra_2.fastq.gz,raw,forward,1,17633819
23_L1_SRR18328018.sra_2.fastq.gz.trimmed.fastp.fq.gz,trimmed,reverse,1,15969665
23_L2_SRR18328007.sra_1.fastq.gz,raw,forward,2,18029936
23_L2_SRR18328007.sra_1.fastq.gz.trimmed.fastp.fq.gz,trimmed,reverse,2,17023291
23_L2_SRR18328007.sra_2.fastq.gz,raw,forward,2,18029936
23_L2_SRR18328007.sra_2.fastq.gz.trimmed.fastp.fq.gz,trimmed,reverse,2,17023291
24_L1_SRR8581140.sra_1.fastq.gz,raw,forward,1,17751394
24_L1_SRR8581140.sra_1.fastq.gz.trimmed.fastp.fq.gz,trimmed,reverse,1,13850995
24_L1_SRR8581140.sra_2.fastq.gz,raw,forward,1,17751394
24_L1_SRR8581140.sra_2.fastq.gz.trimmed.fastp.fq.gz,trimmed,reverse,1,13850995
25_L1_SRR8581154.sra_1.fastq.gz,raw,forward,1,39797035
25_L1_SRR8581154.sra_1.fastq.gz.trimmed.fastp.fq.gz,trimmed,reverse,1,31240539
25_L1_SRR8581154.sra_2.fastq.gz,raw,forward,1,39797035
25_L1_SRR8581154.sra_2.fastq.gz.trimmed.fastp.fq.gz,trimmed,reverse,1,31240539
26_L1_SRR18328065.sra_1.fastq.gz,raw,forward,1,24108901
26_L1_SRR18328065.sra_1.fastq.gz.trimmed.fastp.fq.gz,trimmed,reverse,1,21766496
26_L1_SRR18328065.sra_2.fastq.gz,raw,forward,1,24108901
26_L1_SRR18328065.sra_2.fastq.gz.trimmed.fastp.fq.gz,trimmed,reverse,1,21766496
26_L2_SRR18328054.sra_1.fastq.gz,raw,forward,2,24609857
26_L2_SRR18328054.sra_1.fastq.gz.trimmed.fastp.fq.gz,trimmed,reverse,2,23173756
26_L2_SRR18328054.sra_2.fastq.gz,raw,forward,2,24609857
26_L2_SRR18328054.sra_2.fastq.gz.trimmed.fastp.fq.gz,trimmed,reverse,2,23173756
27_L1_SRR18328093.sra_1.fastq.gz,raw,forward,1,15186229
27_L1_SRR18328093.sra_1.fastq.gz.trimmed.fastp.fq.gz,trimmed,reverse,1,13664180
27_L1_SRR18328093.sra_2.fastq.gz,raw,forward,1,15186229
27_L1_SRR18328093.sra_2.fastq.gz.trimmed.fastp.fq.gz,trimmed,reverse,1,13664180
27_L2_SRR18328092.sra_1.fastq.gz,raw,forward,2,15509767
27_L2_SRR18328092.sra_1.fastq.gz.trimmed.fastp.fq.gz,trimmed,reverse,2,14560232
27_L2_SRR18328092.sra_2.fastq.gz,raw,forward,2,15509767
27_L2_SRR18328092.sra_2.fastq.gz.trimmed.fastp.fq.gz,trimmed,reverse,2,14560232
28_L1_SRR18328091.sra_1.fastq.gz,raw,forward,1,14365055
28_L1_SRR18328091.sra_1.fastq.gz.trimmed.fastp.fq.gz,trimmed,reverse,1,12971205
28_L1_SRR18328091.sra_2.fastq.gz,raw,forward,1,14365055
28_L1_SRR18328091.sra_2.fastq.gz.trimmed.fastp.fq.gz,trimmed,reverse,1,12971205
28_L2_SRR18328090.sra_1.fastq.gz,raw,forward,2,14691077
28_L2_SRR18328090.sra_1.fastq.gz.trimmed.fastp.fq.gz,trimmed,reverse,2,13830004
28_L2_SRR18328090.sra_2.fastq.gz,raw,forward,2,14691077
28_L2_SRR18328090.sra_2.fastq.gz.trimmed.fastp.fq.gz,trimmed,reverse,2,13830004
29_L1_SRR18328089.sra_1.fastq.gz,raw,forward,1,12752600
29_L1_SRR18328089.sra_1.fastq.gz.trimmed.fastp.fq.gz,trimmed,reverse,1,11314792
29_L1_SRR18328089.sra_2.fastq.gz,raw,forward,1,12752600
29_L1_SRR18328089.sra_2.fastq.gz.trimmed.fastp.fq.gz,trimmed,reverse,1,11314792
29_L2_SRR18328088.sra_1.fastq.gz,raw,forward,2,13032460
29_L2_SRR18328088.sra_1.fastq.gz.trimmed.fastp.fq.gz,trimmed,reverse,2,12065869
29_L2_SRR18328088.sra_2.fastq.gz,raw,forward,2,13032460
29_L2_SRR18328088.sra_2.fastq.gz.trimmed.fastp.fq.gz,trimmed,reverse,2,12065869
3_L1_SRR8581161.sra_1.fastq.gz,raw,forward,1,29159454
3_L1_SRR8581161.sra_1.fastq.gz.trimmed.fastp.fq.gz,trimmed,reverse,1,22892215
3_L1_SRR8581161.sra_2.fastq.gz,raw,forward,1,29159454
3_L1_SRR8581161.sra_2.fastq.gz.trimmed.fastp.fq.gz,trimmed,reverse,1,22892215
30_L1_SRR18328087.sra_1.fastq.gz,raw,forward,1,12290821
30_L1_SRR18328087.sra_1.fastq.gz.trimmed.fastp.fq.gz,trimmed,reverse,1,10955641
30_L1_SRR18328087.sra_2.fastq.gz,raw,forward,1,12290821
30_L1_SRR18328087.sra_2.fastq.gz.trimmed.fastp.fq.gz,trimmed,reverse,1,10955641
30_L2_SRR18328086.sra_1.fastq.gz,raw,forward,2,12540832
30_L2_SRR18328086.sra_1.fastq.gz.trimmed.fastp.fq.gz,trimmed,reverse,2,11653881
30_L2_SRR18328086.sra_2.fastq.gz,raw,forward,2,12540832
30_L2_SRR18328086.sra_2.fastq.gz.trimmed.fastp.fq.gz,trimmed,reverse,2,11653881
31_L1_SRR18328085.sra_1.fastq.gz,raw,forward,1,15574446
31_L1_SRR18328085.sra_1.fastq.gz.trimmed.fastp.fq.gz,trimmed,reverse,1,14211256
31_L1_SRR18328085.sra_2.fastq.gz,raw,forward,1,15574446
31_L1_SRR18328085.sra_2.fastq.gz.trimmed.fastp.fq.gz,trimmed,reverse,1,14211256
31_L2_SRR18328084.sra_1.fastq.gz,raw,forward,2,15947834
31_L2_SRR18328084.sra_1.fastq.gz.trimmed.fastp.fq.gz,trimmed,reverse,2,15166150
31_L2_SRR18328084.sra_2.fastq.gz,raw,forward,2,15947834
31_L2_SRR18328084.sra_2.fastq.gz.trimmed.fastp.fq.gz,trimmed,reverse,2,15166150
32_L1_SRR18328082.sra_1.fastq.gz,raw,forward,1,17236320
32_L1_SRR18328082.sra_1.fastq.gz.trimmed.fastp.fq.gz,trimmed,reverse,1,15659848
32_L1_SRR18328082.sra_2.fastq.gz,raw,forward,1,17236320
32_L1_SRR18328082.sra_2.fastq.gz.trimmed.fastp.fq.gz,trimmed,reverse,1,15659848
32_L2_SRR18328081.sra_1.fastq.gz,raw,forward,2,17612735
32_L2_SRR18328081.sra_1.fastq.gz.trimmed.fastp.fq.gz,trimmed,reverse,2,16682527
32_L2_SRR18328081.sra_2.fastq.gz,raw,forward,2,17612735
32_L2_SRR18328081.sra_2.fastq.gz.trimmed.fastp.fq.gz,trimmed,reverse,2,16682527
33_L1_SRR8581159.sra_1.fastq.gz,raw,forward,1,17604826
33_L1_SRR8581159.sra_1.fastq.gz.trimmed.fastp.fq.gz,trimmed,reverse,1,13535887
33_L1_SRR8581159.sra_2.fastq.gz,raw,forward,1,17604826
33_L1_SRR8581159.sra_2.fastq.gz.trimmed.fastp.fq.gz,trimmed,reverse,1,13535887
34_L1_SRR8581158.sra_1.fastq.gz,raw,forward,1,29568088
34_L1_SRR8581158.sra_1.fastq.gz.trimmed.fastp.fq.gz,trimmed,reverse,1,22987101
34_L1_SRR8581158.sra_2.fastq.gz,raw,forward,1,29568088
34_L1_SRR8581158.sra_2.fastq.gz.trimmed.fastp.fq.gz,trimmed,reverse,1,22987101
35_L1_SRR18328078.sra_1.fastq.gz,raw,forward,1,14183766
35_L1_SRR18328078.sra_1.fastq.gz.trimmed.fastp.fq.gz,trimmed,reverse,1,12911863
35_L1_SRR18328078.sra_2.fastq.gz,raw,forward,1,14183766
35_L1_SRR18328078.sra_2.fastq.gz.trimmed.fastp.fq.gz,trimmed,reverse,1,12911863
35_L2_SRR18328077.sra_1.fastq.gz,raw,forward,2,14502549
35_L2_SRR18328077.sra_1.fastq.gz.trimmed.fastp.fq.gz,trimmed,reverse,2,13761634
35_L2_SRR18328077.sra_2.fastq.gz,raw,forward,2,14502549
35_L2_SRR18328077.sra_2.fastq.gz.trimmed.fastp.fq.gz,trimmed,reverse,2,13761634
36_L1_SRR18328076.sra_1.fastq.gz,raw,forward,1,20253196
36_L1_SRR18328076.sra_1.fastq.gz.trimmed.fastp.fq.gz,trimmed,reverse,1,18397485
36_L1_SRR18328076.sra_2.fastq.gz,raw,forward,1,20253196
36_L1_SRR18328076.sra_2.fastq.gz.trimmed.fastp.fq.gz,trimmed,reverse,1,18397485
36_L2_SRR18328075.sra_1.fastq.gz,raw,forward,2,20689934
36_L2_SRR18328075.sra_1.fastq.gz.trimmed.fastp.fq.gz,trimmed,reverse,2,19598863
36_L2_SRR18328075.sra_2.fastq.gz,raw,forward,2,20689934
36_L2_SRR18328075.sra_2.fastq.gz.trimmed.fastp.fq.gz,trimmed,reverse,2,19598863
37_L1_SRR18328074.sra_1.fastq.gz,raw,forward,1,14884576
37_L1_SRR18328074.sra_1.fastq.gz.trimmed.fastp.fq.gz,trimmed,reverse,1,13567023
37_L1_SRR18328074.sra_2.fastq.gz,raw,forward,1,14884576
37_L1_SRR18328074.sra_2.fastq.gz.trimmed.fastp.fq.gz,trimmed,reverse,1,13567023
37_L2_SRR18328073.sra_1.fastq.gz,raw,forward,2,15186820
37_L2_SRR18328073.sra_1.fastq.gz.trimmed.fastp.fq.gz,trimmed,reverse,2,14433027
37_L2_SRR18328073.sra_2.fastq.gz,raw,forward,2,15186820
37_L2_SRR18328073.sra_2.fastq.gz.trimmed.fastp.fq.gz,trimmed,reverse,2,14433027
38_L1_SRR18328071.sra_1.fastq.gz,raw,forward,1,18167203
38_L1_SRR18328071.sra_1.fastq.gz.trimmed.fastp.fq.gz,trimmed,reverse,1,16651603
38_L1_SRR18328071.sra_2.fastq.gz,raw,forward,1,18167203
38_L1_SRR18328071.sra_2.fastq.gz.trimmed.fastp.fq.gz,trimmed,reverse,1,16651603
38_L2_SRR18328070.sra_1.fastq.gz,raw,forward,2,18543208
38_L2_SRR18328070.sra_1.fastq.gz.trimmed.fastp.fq.gz,trimmed,reverse,2,17727768
38_L2_SRR18328070.sra_2.fastq.gz,raw,forward,2,18543208
38_L2_SRR18328070.sra_2.fastq.gz.trimmed.fastp.fq.gz,trimmed,reverse,2,17727768
39_L1_SRR18328069.sra_1.fastq.gz,raw,forward,1,15728035
39_L1_SRR18328069.sra_1.fastq.gz.trimmed.fastp.fq.gz,trimmed,reverse,1,14303493
39_L1_SRR18328069.sra_2.fastq.gz,raw,forward,1,15728035
39_L1_SRR18328069.sra_2.fastq.gz.trimmed.fastp.fq.gz,trimmed,reverse,1,14303493
39_L2_SRR18328047.sra_1.fastq.gz,raw,forward,2,16076914
39_L2_SRR18328047.sra_1.fastq.gz.trimmed.fastp.fq.gz,trimmed,reverse,2,15249468
39_L2_SRR18328047.sra_2.fastq.gz,raw,forward,2,16076914
39_L2_SRR18328047.sra_2.fastq.gz.trimmed.fastp.fq.gz,trimmed,reverse,2,15249468
4_L1_SRR18328080.sra_1.fastq.gz,raw,forward,1,10641400
4_L1_SRR18328080.sra_1.fastq.gz.trimmed.fastp.fq.gz,trimmed,reverse,1,9769730
4_L1_SRR18328080.sra_2.fastq.gz,raw,forward,1,10641400
4_L1_SRR18328080.sra_2.fastq.gz.trimmed.fastp.fq.gz,trimmed,reverse,1,9769730
4_L2_SRR18328079.sra_1.fastq.gz,raw,forward,2,10860486
4_L2_SRR18328079.sra_1.fastq.gz.trimmed.fastp.fq.gz,trimmed,reverse,2,10394657
4_L2_SRR18328079.sra_2.fastq.gz,raw,forward,2,10860486
4_L2_SRR18328079.sra_2.fastq.gz.trimmed.fastp.fq.gz,trimmed,reverse,2,10394657
40_L1_SRR18328046.sra_1.fastq.gz,raw,forward,1,19566304
40_L1_SRR18328046.sra_1.fastq.gz.trimmed.fastp.fq.gz,trimmed,reverse,1,17628193
40_L1_SRR18328046.sra_2.fastq.gz,raw,forward,1,19566304
40_L1_SRR18328046.sra_2.fastq.gz.trimmed.fastp.fq.gz,trimmed,reverse,1,17628193
40_L2_SRR18328045.sra_1.fastq.gz,raw,forward,2,20014882
40_L2_SRR18328045.sra_1.fastq.gz.trimmed.fastp.fq.gz,trimmed,reverse,2,18822625
40_L2_SRR18328045.sra_2.fastq.gz,raw,forward,2,20014882
40_L2_SRR18328045.sra_2.fastq.gz.trimmed.fastp.fq.gz,trimmed,reverse,2,18822625
41_L1_SRR18328044.sra_1.fastq.gz,raw,forward,1,20201306
41_L1_SRR18328044.sra_1.fastq.gz.trimmed.fastp.fq.gz,trimmed,reverse,1,18278789
41_L1_SRR18328044.sra_2.fastq.gz,raw,forward,1,20201306
41_L1_SRR18328044.sra_2.fastq.gz.trimmed.fastp.fq.gz,trimmed,reverse,1,18278789
41_L2_SRR18328043.sra_1.fastq.gz,raw,forward,2,20679405
41_L2_SRR18328043.sra_1.fastq.gz.trimmed.fastp.fq.gz,trimmed,reverse,2,19527006
41_L2_SRR18328043.sra_2.fastq.gz,raw,forward,2,20679405
41_L2_SRR18328043.sra_2.fastq.gz.trimmed.fastp.fq.gz,trimmed,reverse,2,19527006
42_L1_SRR8581152.sra_1.fastq.gz,raw,forward,1,28999076
42_L1_SRR8581152.sra_1.fastq.gz.trimmed.fastp.fq.gz,trimmed,reverse,1,22445896
42_L1_SRR8581152.sra_2.fastq.gz,raw,forward,1,28999076
42_L1_SRR8581152.sra_2.fastq.gz.trimmed.fastp.fq.gz,trimmed,reverse,1,22445896
43_L1_SRR18328042.sra_1.fastq.gz,raw,forward,1,23781751
43_L1_SRR18328042.sra_1.fastq.gz.trimmed.fastp.fq.gz,trimmed,reverse,1,21467351
43_L1_SRR18328042.sra_2.fastq.gz,raw,forward,1,23781751
43_L1_SRR18328042.sra_2.fastq.gz.trimmed.fastp.fq.gz,trimmed,reverse,1,21467351
43_L2_SRR18328041.sra_1.fastq.gz,raw,forward,2,24389147
43_L2_SRR18328041.sra_1.fastq.gz.trimmed.fastp.fq.gz,trimmed,reverse,2,22969618
43_L2_SRR18328041.sra_2.fastq.gz,raw,forward,2,24389147
43_L2_SRR18328041.sra_2.fastq.gz.trimmed.fastp.fq.gz,trimmed,reverse,2,22969618
44_L1_SRR18328039.sra_1.fastq.gz,raw,forward,1,20596275
44_L1_SRR18328039.sra_1.fastq.gz.trimmed.fastp.fq.gz,trimmed,reverse,1,18773845
44_L1_SRR18328039.sra_2.fastq.gz,raw,forward,1,20596275
44_L1_SRR18328039.sra_2.fastq.gz.trimmed.fastp.fq.gz,trimmed,reverse,1,18773845
44_L2_SRR18328038.sra_1.fastq.gz,raw,forward,2,21069640
44_L2_SRR18328038.sra_1.fastq.gz.trimmed.fastp.fq.gz,trimmed,reverse,2,20027634
44_L2_SRR18328038.sra_2.fastq.gz,raw,forward,2,21069640
44_L2_SRR18328038.sra_2.fastq.gz.trimmed.fastp.fq.gz,trimmed,reverse,2,20027634
45_L1_SRR18328037.sra_1.fastq.gz,raw,forward,1,20183680
45_L1_SRR18328037.sra_1.fastq.gz.trimmed.fastp.fq.gz,trimmed,reverse,1,18224418
45_L1_SRR18328037.sra_2.fastq.gz,raw,forward,1,20183680
45_L1_SRR18328037.sra_2.fastq.gz.trimmed.fastp.fq.gz,trimmed,reverse,1,18224418
45_L2_SRR18328036.sra_1.fastq.gz,raw,forward,2,20618138
45_L2_SRR18328036.sra_1.fastq.gz.trimmed.fastp.fq.gz,trimmed,reverse,2,19421957
45_L2_SRR18328036.sra_2.fastq.gz,raw,forward,2,20618138
45_L2_SRR18328036.sra_2.fastq.gz.trimmed.fastp.fq.gz,trimmed,reverse,2,19421957
46_L1_SRR8581141.sra_1.fastq.gz,raw,forward,1,48231335
46_L1_SRR8581141.sra_1.fastq.gz.trimmed.fastp.fq.gz,trimmed,reverse,1,38006498
46_L1_SRR8581141.sra_2.fastq.gz,raw,forward,1,48231335
46_L1_SRR8581141.sra_2.fastq.gz.trimmed.fastp.fq.gz,trimmed,reverse,1,38006498
47_L1_SRR18328033.sra_1.fastq.gz,raw,forward,1,16391717
47_L1_SRR18328033.sra_1.fastq.gz.trimmed.fastp.fq.gz,trimmed,reverse,1,14966164
47_L1_SRR18328033.sra_2.fastq.gz,raw,forward,1,16391717
47_L1_SRR18328033.sra_2.fastq.gz.trimmed.fastp.fq.gz,trimmed,reverse,1,14966164
47_L2_SRR18328032.sra_1.fastq.gz,raw,forward,2,16750494
47_L2_SRR18328032.sra_1.fastq.gz.trimmed.fastp.fq.gz,trimmed,reverse,2,15952441
47_L2_SRR18328032.sra_2.fastq.gz,raw,forward,2,16750494
47_L2_SRR18328032.sra_2.fastq.gz.trimmed.fastp.fq.gz,trimmed,reverse,2,15952441
48_L1_SRR8581151.sra_1.fastq.gz,raw,forward,1,34872080
48_L1_SRR8581151.sra_1.fastq.gz.trimmed.fastp.fq.gz,trimmed,reverse,1,26794810
48_L1_SRR8581151.sra_2.fastq.gz,raw,forward,1,34872080
48_L1_SRR8581151.sra_2.fastq.gz.trimmed.fastp.fq.gz,trimmed,reverse,1,26794810
49_L1_SRR18328031.sra_1.fastq.gz,raw,forward,1,11504451
49_L1_SRR18328031.sra_1.fastq.gz.trimmed.fastp.fq.gz,trimmed,reverse,1,10577025
49_L1_SRR18328031.sra_2.fastq.gz,raw,forward,1,11504451
49_L1_SRR18328031.sra_2.fastq.gz.trimmed.fastp.fq.gz,trimmed,reverse,1,10577025
49_L2_SRR18328030.sra_1.fastq.gz,raw,forward,2,11741583
49_L2_SRR18328030.sra_1.fastq.gz.trimmed.fastp.fq.gz,trimmed,reverse,2,11258473
49_L2_SRR18328030.sra_2.fastq.gz,raw,forward,2,11741583
49_L2_SRR18328030.sra_2.fastq.gz.trimmed.fastp.fq.gz,trimmed,reverse,2,11258473
5_L1_SRR8581143.sra_1.fastq.gz,raw,forward,1,43595258
5_L1_SRR8581143.sra_1.fastq.gz.trimmed.fastp.fq.gz,trimmed,reverse,1,33573991
5_L1_SRR8581143.sra_2.fastq.gz,raw,forward,1,43595258
5_L1_SRR8581143.sra_2.fastq.gz.trimmed.fastp.fq.gz,trimmed,reverse,1,33573991
50_L1_SRR18328028.sra_1.fastq.gz,raw,forward,1,18836940
50_L1_SRR18328028.sra_1.fastq.gz.trimmed.fastp.fq.gz,trimmed,reverse,1,17253599
50_L1_SRR18328028.sra_2.fastq.gz,raw,forward,1,18836940
50_L1_SRR18328028.sra_2.fastq.gz.trimmed.fastp.fq.gz,trimmed,reverse,1,17253599
50_L2_SRR18328027.sra_1.fastq.gz,raw,forward,2,19246618
50_L2_SRR18328027.sra_1.fastq.gz.trimmed.fastp.fq.gz,trimmed,reverse,2,18380445
50_L2_SRR18328027.sra_2.fastq.gz,raw,forward,2,19246618
50_L2_SRR18328027.sra_2.fastq.gz.trimmed.fastp.fq.gz,trimmed,reverse,2,18380445
51_L1_SRR18328026.sra_1.fastq.gz,raw,forward,1,25964294
51_L1_SRR18328026.sra_1.fastq.gz.trimmed.fastp.fq.gz,trimmed,reverse,1,23664129
51_L1_SRR18328026.sra_2.fastq.gz,raw,forward,1,25964294
51_L1_SRR18328026.sra_2.fastq.gz.trimmed.fastp.fq.gz,trimmed,reverse,1,23664129
51_L2_SRR18328025.sra_1.fastq.gz,raw,forward,2,26493974
51_L2_SRR18328025.sra_1.fastq.gz.trimmed.fastp.fq.gz,trimmed,reverse,2,25172200
51_L2_SRR18328025.sra_2.fastq.gz,raw,forward,2,26493974
51_L2_SRR18328025.sra_2.fastq.gz.trimmed.fastp.fq.gz,trimmed,reverse,2,25172200
52_L1_SRR8581146.sra_1.fastq.gz,raw,forward,1,32140055
52_L1_SRR8581146.sra_1.fastq.gz.trimmed.fastp.fq.gz,trimmed,reverse,1,24781189
52_L1_SRR8581146.sra_2.fastq.gz,raw,forward,1,32140055
52_L1_SRR8581146.sra_2.fastq.gz.trimmed.fastp.fq.gz,trimmed,reverse,1,24781189
53_L1_SRR8581145.sra_1.fastq.gz,raw,forward,1,30498473
53_L1_SRR8581145.sra_1.fastq.gz.trimmed.fastp.fq.gz,trimmed,reverse,1,23451702
53_L1_SRR8581145.sra_2.fastq.gz,raw,forward,1,30498473
53_L1_SRR8581145.sra_2.fastq.gz.trimmed.fastp.fq.gz,trimmed,reverse,1,23451702
54_L1_SRR8581144.sra_1.fastq.gz,raw,forward,1,27766992
54_L1_SRR8581144.sra_1.fastq.gz.trimmed.fastp.fq.gz,trimmed,reverse,1,21650407
54_L1_SRR8581144.sra_2.fastq.gz,raw,forward,1,27766992
54_L1_SRR8581144.sra_2.fastq.gz.trimmed.fastp.fq.gz,trimmed,reverse,1,21650407
55_L1_SRR18328024.sra_1.fastq.gz,raw,forward,1,25636278
55_L1_SRR18328024.sra_1.fastq.gz.trimmed.fastp.fq.gz,trimmed,reverse,1,23462158
55_L1_SRR18328024.sra_2.fastq.gz,raw,forward,1,25636278
55_L1_SRR18328024.sra_2.fastq.gz.trimmed.fastp.fq.gz,trimmed,reverse,1,23462158
55_L2_SRR18328023.sra_1.fastq.gz,raw,forward,2,26117755
55_L2_SRR18328023.sra_1.fastq.gz.trimmed.fastp.fq.gz,trimmed,reverse,2,24924047
55_L2_SRR18328023.sra_2.fastq.gz,raw,forward,2,26117755
55_L2_SRR18328023.sra_2.fastq.gz.trimmed.fastp.fq.gz,trimmed,reverse,2,24924047
56_L1_SRR18328022.sra_1.fastq.gz,raw,forward,1,43100257
56_L1_SRR18328022.sra_1.fastq.gz.trimmed.fastp.fq.gz,trimmed,reverse,1,39557698
56_L1_SRR18328022.sra_2.fastq.gz,raw,forward,1,43100257
56_L1_SRR18328022.sra_2.fastq.gz.trimmed.fastp.fq.gz,trimmed,reverse,1,39557698
56_L2_SRR18328021.sra_1.fastq.gz,raw,forward,2,43922638
56_L2_SRR18328021.sra_1.fastq.gz.trimmed.fastp.fq.gz,trimmed,reverse,2,42067539
56_L2_SRR18328021.sra_2.fastq.gz,raw,forward,2,43922638
56_L2_SRR18328021.sra_2.fastq.gz.trimmed.fastp.fq.gz,trimmed,reverse,2,42067539
57_L1_SRR8581147.sra_1.fastq.gz,raw,forward,1,26082546
57_L1_SRR8581147.sra_1.fastq.gz.trimmed.fastp.fq.gz,trimmed,reverse,1,20427483
57_L1_SRR8581147.sra_2.fastq.gz,raw,forward,1,26082546
57_L1_SRR8581147.sra_2.fastq.gz.trimmed.fastp.fq.gz,trimmed,reverse,1,20427483
58_L1_SRR18328020.sra_1.fastq.gz,raw,forward,1,21617968
58_L1_SRR18328020.sra_1.fastq.gz.trimmed.fastp.fq.gz,trimmed,reverse,1,19739350
58_L1_SRR18328020.sra_2.fastq.gz,raw,forward,1,21617968
58_L1_SRR18328020.sra_2.fastq.gz.trimmed.fastp.fq.gz,trimmed,reverse,1,19739350
58_L2_SRR18328019.sra_1.fastq.gz,raw,forward,2,22028402
58_L2_SRR18328019.sra_1.fastq.gz.trimmed.fastp.fq.gz,trimmed,reverse,2,20982427
58_L2_SRR18328019.sra_2.fastq.gz,raw,forward,2,22028402
58_L2_SRR18328019.sra_2.fastq.gz.trimmed.fastp.fq.gz,trimmed,reverse,2,20982427
59_L1_SRR18328017.sra_1.fastq.gz,raw,forward,1,24266359
59_L1_SRR18328017.sra_1.fastq.gz.trimmed.fastp.fq.gz,trimmed,reverse,1,22107385
59_L1_SRR18328017.sra_2.fastq.gz,raw,forward,1,24266359
59_L1_SRR18328017.sra_2.fastq.gz.trimmed.fastp.fq.gz,trimmed,reverse,1,22107385
59_L2_SRR18328016.sra_1.fastq.gz,raw,forward,2,24770728
59_L2_SRR18328016.sra_1.fastq.gz.trimmed.fastp.fq.gz,trimmed,reverse,2,23532474
59_L2_SRR18328016.sra_2.fastq.gz,raw,forward,2,24770728
59_L2_SRR18328016.sra_2.fastq.gz.trimmed.fastp.fq.gz,trimmed,reverse,2,23532474
6_L1_SRR8581148.sra_1.fastq.gz,raw,forward,1,29563386
6_L1_SRR8581148.sra_1.fastq.gz.trimmed.fastp.fq.gz,trimmed,reverse,1,22614011
6_L1_SRR8581148.sra_2.fastq.gz,raw,forward,1,29563386
6_L1_SRR8581148.sra_2.fastq.gz.trimmed.fastp.fq.gz,trimmed,reverse,1,22614011
60_L1_SRR18328015.sra_1.fastq.gz,raw,forward,1,28409477
60_L1_SRR18328015.sra_1.fastq.gz.trimmed.fastp.fq.gz,trimmed,reverse,1,26006999
60_L1_SRR18328015.sra_2.fastq.gz,raw,forward,1,28409477
60_L1_SRR18328015.sra_2.fastq.gz.trimmed.fastp.fq.gz,trimmed,reverse,1,26006999
60_L2_SRR18328014.sra_1.fastq.gz,raw,forward,2,28981301
60_L2_SRR18328014.sra_1.fastq.gz.trimmed.fastp.fq.gz,trimmed,reverse,2,27669710
60_L2_SRR18328014.sra_2.fastq.gz,raw,forward,2,28981301
60_L2_SRR18328014.sra_2.fastq.gz.trimmed.fastp.fq.gz,trimmed,reverse,2,27669710
61_L1_SRR18328013.sra_1.fastq.gz,raw,forward,1,31042157
61_L1_SRR18328013.sra_1.fastq.gz.trimmed.fastp.fq.gz,trimmed,reverse,1,28453683
61_L1_SRR18328013.sra_2.fastq.gz,raw,forward,1,31042157
61_L1_SRR18328013.sra_2.fastq.gz.trimmed.fastp.fq.gz,trimmed,reverse,1,28453683
61_L2_SRR18328012.sra_1.fastq.gz,raw,forward,2,31680244
61_L2_SRR18328012.sra_1.fastq.gz.trimmed.fastp.fq.gz,trimmed,reverse,2,30276914
61_L2_SRR18328012.sra_2.fastq.gz,raw,forward,2,31680244
61_L2_SRR18328012.sra_2.fastq.gz.trimmed.fastp.fq.gz,trimmed,reverse,2,30276914
62_L1_SRR18328009.sra_1.fastq.gz,raw,forward,1,27239032
62_L1_SRR18328009.sra_1.fastq.gz.trimmed.fastp.fq.gz,trimmed,reverse,1,25150509
62_L1_SRR18328009.sra_2.fastq.gz,raw,forward,1,27239032
62_L1_SRR18328009.sra_2.fastq.gz.trimmed.fastp.fq.gz,trimmed,reverse,1,25150509
62_L2_SRR18328008.sra_1.fastq.gz,raw,forward,2,27745056
62_L2_SRR18328008.sra_1.fastq.gz.trimmed.fastp.fq.gz,trimmed,reverse,2,26700364
62_L2_SRR18328008.sra_2.fastq.gz,raw,forward,2,27745056
62_L2_SRR18328008.sra_2.fastq.gz.trimmed.fastp.fq.gz,trimmed,reverse,2,26700364
63_L1_SRR18328006.sra_1.fastq.gz,raw,forward,1,32623026
63_L1_SRR18328006.sra_1.fastq.gz.trimmed.fastp.fq.gz,trimmed,reverse,1,29933505
63_L1_SRR18328006.sra_2.fastq.gz,raw,forward,1,32623026
63_L1_SRR18328006.sra_2.fastq.gz.trimmed.fastp.fq.gz,trimmed,reverse,1,29933505
63_L2_SRR18328005.sra_1.fastq.gz,raw,forward,2,33328063
63_L2_SRR18328005.sra_1.fastq.gz.trimmed.fastp.fq.gz,trimmed,reverse,2,31887679
63_L2_SRR18328005.sra_2.fastq.gz,raw,forward,2,33328063
63_L2_SRR18328005.sra_2.fastq.gz.trimmed.fastp.fq.gz,trimmed,reverse,2,31887679
64_L1_SRR18328004.sra_1.fastq.gz,raw,forward,1,18089051
64_L1_SRR18328004.sra_1.fastq.gz.trimmed.fastp.fq.gz,trimmed,reverse,1,16466116
64_L1_SRR18328004.sra_2.fastq.gz,raw,forward,1,18089051
64_L1_SRR18328004.sra_2.fastq.gz.trimmed.fastp.fq.gz,trimmed,reverse,1,16466116
64_L2_SRR18328003.sra_1.fastq.gz,raw,forward,2,18458925
64_L2_SRR18328003.sra_1.fastq.gz.trimmed.fastp.fq.gz,trimmed,reverse,2,17522276
64_L2_SRR18328003.sra_2.fastq.gz,raw,forward,2,18458925
64_L2_SRR18328003.sra_2.fastq.gz.trimmed.fastp.fq.gz,trimmed,reverse,2,17522276
65_L1_SRR18328002.sra_1.fastq.gz,raw,forward,1,25713879
65_L1_SRR18328002.sra_1.fastq.gz.trimmed.fastp.fq.gz,trimmed,reverse,1,23584179
65_L1_SRR18328002.sra_2.fastq.gz,raw,forward,1,25713879
65_L1_SRR18328002.sra_2.fastq.gz.trimmed.fastp.fq.gz,trimmed,reverse,1,23584179
65_L2_SRR18328001.sra_1.fastq.gz,raw,forward,2,26234731
65_L2_SRR18328001.sra_1.fastq.gz.trimmed.fastp.fq.gz,trimmed,reverse,2,25081955
65_L2_SRR18328001.sra_2.fastq.gz,raw,forward,2,26234731
65_L2_SRR18328001.sra_2.fastq.gz.trimmed.fastp.fq.gz,trimmed,reverse,2,25081955
66_L1_SRR18328000.sra_1.fastq.gz,raw,forward,1,30229475
66_L1_SRR18328000.sra_1.fastq.gz.trimmed.fastp.fq.gz,trimmed,reverse,1,27408450
66_L1_SRR18328000.sra_2.fastq.gz,raw,forward,1,30229475
66_L1_SRR18328000.sra_2.fastq.gz.trimmed.fastp.fq.gz,trimmed,reverse,1,27408450
66_L2_SRR18328068.sra_1.fastq.gz,raw,forward,2,30815119
66_L2_SRR18328068.sra_1.fastq.gz.trimmed.fastp.fq.gz,trimmed,reverse,2,29141630
66_L2_SRR18328068.sra_2.fastq.gz,raw,forward,2,30815119
66_L2_SRR18328068.sra_2.fastq.gz.trimmed.fastp.fq.gz,trimmed,reverse,2,29141630
67_L1_SRR18328067.sra_1.fastq.gz,raw,forward,1,19046566
67_L1_SRR18328067.sra_1.fastq.gz.trimmed.fastp.fq.gz,trimmed,reverse,1,17212420
67_L1_SRR18328067.sra_2.fastq.gz,raw,forward,1,19046566
67_L1_SRR18328067.sra_2.fastq.gz.trimmed.fastp.fq.gz,trimmed,reverse,1,17212420
67_L2_SRR18328066.sra_1.fastq.gz,raw,forward,2,19443711
67_L2_SRR18328066.sra_1.fastq.gz.trimmed.fastp.fq.gz,trimmed,reverse,2,18323936
67_L2_SRR18328066.sra_2.fastq.gz,raw,forward,2,19443711
67_L2_SRR18328066.sra_2.fastq.gz.trimmed.fastp.fq.gz,trimmed,reverse,2,18323936
68_L1_SRR18328064.sra_1.fastq.gz,raw,forward,1,24732828
68_L1_SRR18328064.sra_1.fastq.gz.trimmed.fastp.fq.gz,trimmed,reverse,1,22242326
68_L1_SRR18328064.sra_2.fastq.gz,raw,forward,1,24732828
68_L1_SRR18328064.sra_2.fastq.gz.trimmed.fastp.fq.gz,trimmed,reverse,1,22242326
68_L2_SRR18328063.sra_1.fastq.gz,raw,forward,2,25186932
68_L2_SRR18328063.sra_1.fastq.gz.trimmed.fastp.fq.gz,trimmed,reverse,2,23625633
68_L2_SRR18328063.sra_2.fastq.gz,raw,forward,2,25186932
68_L2_SRR18328063.sra_2.fastq.gz.trimmed.fastp.fq.gz,trimmed,reverse,2,23625633
69_L1_SRR18328060.sra_1.fastq.gz,raw,forward,1,22382556
69_L1_SRR18328060.sra_1.fastq.gz.trimmed.fastp.fq.gz,trimmed,reverse,1,20404347
69_L1_SRR18328060.sra_2.fastq.gz,raw,forward,1,22382556
69_L1_SRR18328060.sra_2.fastq.gz.trimmed.fastp.fq.gz,trimmed,reverse,1,20404347
69_L2_SRR18328059.sra_1.fastq.gz,raw,forward,2,22810991
69_L2_SRR18328059.sra_1.fastq.gz.trimmed.fastp.fq.gz,trimmed,reverse,2,21678602
69_L2_SRR18328059.sra_2.fastq.gz,raw,forward,2,22810991
69_L2_SRR18328059.sra_2.fastq.gz.trimmed.fastp.fq.gz,trimmed,reverse,2,21678602
7_L1_SRR18328035.sra_1.fastq.gz,raw,forward,1,10892906
7_L1_SRR18328035.sra_1.fastq.gz.trimmed.fastp.fq.gz,trimmed,reverse,1,10041208
7_L1_SRR18328035.sra_2.fastq.gz,raw,forward,1,10892906
7_L1_SRR18328035.sra_2.fastq.gz.trimmed.fastp.fq.gz,trimmed,reverse,1,10041208
7_L2_SRR18328034.sra_1.fastq.gz,raw,forward,2,11136206
7_L2_SRR18328034.sra_1.fastq.gz.trimmed.fastp.fq.gz,trimmed,reverse,2,10705484
7_L2_SRR18328034.sra_2.fastq.gz,raw,forward,2,11136206
7_L2_SRR18328034.sra_2.fastq.gz.trimmed.fastp.fq.gz,trimmed,reverse,2,10705484
70_L1_SRR18328058.sra_1.fastq.gz,raw,forward,1,21419829
70_L1_SRR18328058.sra_1.fastq.gz.trimmed.fastp.fq.gz,trimmed,reverse,1,19434149
70_L1_SRR18328058.sra_2.fastq.gz,raw,forward,1,21419829
70_L1_SRR18328058.sra_2.fastq.gz.trimmed.fastp.fq.gz,trimmed,reverse,1,19434149
70_L2_SRR18328057.sra_1.fastq.gz,raw,forward,2,21872229
70_L2_SRR18328057.sra_1.fastq.gz.trimmed.fastp.fq.gz,trimmed,reverse,2,20684322
70_L2_SRR18328057.sra_2.fastq.gz,raw,forward,2,21872229
70_L2_SRR18328057.sra_2.fastq.gz.trimmed.fastp.fq.gz,trimmed,reverse,2,20684322
8_L1_SRR8581155.sra_1.fastq.gz,raw,forward,1,38114682
8_L1_SRR8581155.sra_1.fastq.gz.trimmed.fastp.fq.gz,trimmed,reverse,1,29035003
8_L1_SRR8581155.sra_2.fastq.gz,raw,forward,1,38114682
8_L1_SRR8581155.sra_2.fastq.gz.trimmed.fastp.fq.gz,trimmed,reverse,1,29035003
9_L1_SRR8581153.sra_1.fastq.gz,raw,forward,1,36400362
9_L1_SRR8581153.sra_1.fastq.gz.trimmed.fastp.fq.gz,trimmed,reverse,1,28125014
9_L1_SRR8581153.sra_2.fastq.gz,raw,forward,1,36400362
9_L1_SRR8581153.sra_2.fastq.gz.trimmed.fastp.fq.gz,trimmed,reverse,1,28125014
